,learning_rate,discount_factor,epsilon,episodes,minimize_waste_score,count_expired_score
learning_rate,1.0,-4.638246143192988e-16,2.8860761576809035e-16,-5.330430897801324e-16,-0.09118637278286243,0.08511834317241801
discount_factor,-4.638246143192988e-16,1.0,1.0568228412227284e-16,1.668847883874193e-16,-0.002764160816797988,-0.07909862124403183
epsilon,2.8860761576809035e-16,1.0568228412227284e-16,1.0,1.2514770359006167e-17,0.4510443440813381,0.05177546684902492
episodes,-5.330430897801324e-16,1.668847883874193e-16,1.2514770359006167e-17,1.0,-0.12060450974375389,-0.016585194776974444
minimize_waste_score,-0.09118637278286243,-0.002764160816797988,0.4510443440813381,-0.12060450974375389,1.0,-0.21398263505097215
count_expired_score,0.08511834317241801,-0.07909862124403183,0.05177546684902492,-0.016585194776974444,-0.21398263505097215,1.0
