learning_rate,discount_factor,epsilon,episodes,minimize_waste_score,count_expired_score
0.1,0.9,0.3,500,13.269833149554668,14.0
0.01,0.95,0.2,500,15.460553961211119,14.0
0.1,0.9,0.1,100,13.269833149554668,13.0
0.1,0.9,0.1,1000,13.269833149554668,13.0
0.1,0.9,0.2,100,15.460553961211119,13.0
0.1,0.9,0.2,1000,13.269833149554668,13.0
0.1,0.99,0.1,100,13.269833149554668,13.0
0.1,0.99,0.3,100,15.489649989159284,13.0
0.01,0.9,0.1,1000,13.269833149554664,13.0
0.01,0.9,0.3,100,16.307282797662573,13.0
